step,mean_train_acc,std_train_acc,mean_val_acc,std_val_acc,log,thetam,algo_perc,dataset,bs,rob,project,layers,input_dim,same_random_classifier,rm_pixel,binarize_dataset,save_results,epochs,seed,train_dim,n_runs,device,algo_layer,thermometer_bits,freeze_last,k,grouping_factor,epoch_interval_switch,prob_reinforcement,prob_update,val_dim,rescale,freeze_first
0.0,9.96,0.640046873283512,9.875000000000002,0.7659144860883622,False,0,cp+r,synthetic,100,131,bnn-synthetic-localloss,525_525,,False,False,False,True,50,42,,10,0,one,0,True,1,105,0,0.5,1,2000,False,False
1.0,19.085,0.8934903468980517,32.605000000000004,1.1114067662201808,False,0,cp+r,synthetic,100,131,bnn-synthetic-localloss,525_525,,False,False,False,True,50,42,,10,0,one,0,True,1,105,0,0.5,1,2000,False,False
2.0,54.98,1.4013136693831256,69.56999999999998,1.1057124400132263,False,0,cp+r,synthetic,100,131,bnn-synthetic-localloss,525_525,,False,False,False,True,50,42,,10,0,one,0,True,1,105,0,0.5,1,2000,False,False
3.0,83.589,0.6701559519992343,86.00500000000001,0.8091507894082544,False,0,cp+r,synthetic,100,131,bnn-synthetic-localloss,525_525,,False,False,False,True,50,42,,10,0,one,0,True,1,105,0,0.5,1,2000,False,False
4.0,91.994,0.3215649234602568,90.68,0.8053570636680357,False,0,cp+r,synthetic,100,131,bnn-synthetic-localloss,525_525,,False,False,False,True,50,42,,10,0,one,0,True,1,105,0,0.5,1,2000,False,False
5.0,94.66,0.1842823919966333,92.245,0.4719374958614758,False,0,cp+r,synthetic,100,131,bnn-synthetic-localloss,525_525,,False,False,False,True,50,42,,10,0,one,0,True,1,105,0,0.5,1,2000,False,False
6.0,95.70300000000002,0.1503362896974627,93.125,0.5662375826453039,False,0,cp+r,synthetic,100,131,bnn-synthetic-localloss,525_525,,False,False,False,True,50,42,,10,0,one,0,True,1,105,0,0.5,1,2000,False,False
7.0,96.435,0.155450956896381,93.5,0.6659579566308979,False,0,cp+r,synthetic,100,131,bnn-synthetic-localloss,525_525,,False,False,False,True,50,42,,10,0,one,0,True,1,105,0,0.5,1,2000,False,False
8.0,96.989,0.1175967686630912,93.985,0.4242935304715357,False,0,cp+r,synthetic,100,131,bnn-synthetic-localloss,525_525,,False,False,False,True,50,42,,10,0,one,0,True,1,105,0,0.5,1,2000,False,False
9.0,97.273,0.1649878783426217,94.14,0.4493328387732184,False,0,cp+r,synthetic,100,131,bnn-synthetic-localloss,525_525,,False,False,False,True,50,42,,10,0,one,0,True,1,105,0,0.5,1,2000,False,False
10.0,97.59,0.0804984471899935,94.195,0.3474550330618353,False,0,cp+r,synthetic,100,131,bnn-synthetic-localloss,525_525,,False,False,False,True,50,42,,10,0,one,0,True,1,105,0,0.5,1,2000,False,False
11.0,97.804,0.1509436981129052,94.305,0.5236649692312823,False,0,cp+r,synthetic,100,131,bnn-synthetic-localloss,525_525,,False,False,False,True,50,42,,10,0,one,0,True,1,105,0,0.5,1,2000,False,False
12.0,98.016,0.0779999999999998,94.43,0.6029925372672531,False,0,cp+r,synthetic,100,131,bnn-synthetic-localloss,525_525,,False,False,False,True,50,42,,10,0,one,0,True,1,105,0,0.5,1,2000,False,False
13.0,98.15,0.1003992031840886,94.64,0.5566866263886694,False,0,cp+r,synthetic,100,131,bnn-synthetic-localloss,525_525,,False,False,False,True,50,42,,10,0,one,0,True,1,105,0,0.5,1,2000,False,False
14.0,98.303,0.1377715500384596,94.66,0.5180733538795436,False,0,cp+r,synthetic,100,131,bnn-synthetic-localloss,525_525,,False,False,False,True,50,42,,10,0,one,0,True,1,105,0,0.5,1,2000,False,False
15.0,98.45400000000002,0.1165504182746672,94.59,0.5860034129593442,False,0,cp+r,synthetic,100,131,bnn-synthetic-localloss,525_525,,False,False,False,True,50,42,,10,0,one,0,True,1,105,0,0.5,1,2000,False,False
16.0,98.611,0.0970000000000012,94.77,0.5577633906953744,False,0,cp+r,synthetic,100,131,bnn-synthetic-localloss,525_525,,False,False,False,True,50,42,,10,0,one,0,True,1,105,0,0.5,1,2000,False,False
17.0,98.691,0.0955458005356584,94.77,0.6083584469702061,False,0,cp+r,synthetic,100,131,bnn-synthetic-localloss,525_525,,False,False,False,True,50,42,,10,0,one,0,True,1,105,0,0.5,1,2000,False,False
18.0,98.70600000000002,0.0729657453878177,94.86,0.5726255320888167,False,0,cp+r,synthetic,100,131,bnn-synthetic-localloss,525_525,,False,False,False,True,50,42,,10,0,one,0,True,1,105,0,0.5,1,2000,False,False
19.0,98.831,0.1023181313355556,94.755,0.6447673999203131,False,0,cp+r,synthetic,100,131,bnn-synthetic-localloss,525_525,,False,False,False,True,50,42,,10,0,one,0,True,1,105,0,0.5,1,2000,False,False
20.0,98.878,0.0858836422143359,94.81,0.4918333050943175,False,0,cp+r,synthetic,100,131,bnn-synthetic-localloss,525_525,,False,False,False,True,50,42,,10,0,one,0,True,1,105,0,0.5,1,2000,False,False
21.0,98.964,0.106131993291375,94.98,0.6380438856379718,False,0,cp+r,synthetic,100,131,bnn-synthetic-localloss,525_525,,False,False,False,True,50,42,,10,0,one,0,True,1,105,0,0.5,1,2000,False,False
22.0,99.029,0.0869999999999997,94.845,0.444662793586331,False,0,cp+r,synthetic,100,131,bnn-synthetic-localloss,525_525,,False,False,False,True,50,42,,10,0,one,0,True,1,105,0,0.5,1,2000,False,False
23.0,99.112,0.074939975980781,94.875,0.5635822921277807,False,0,cp+r,synthetic,100,131,bnn-synthetic-localloss,525_525,,False,False,False,True,50,42,,10,0,one,0,True,1,105,0,0.5,1,2000,False,False
24.0,99.145,0.0865158944934416,94.875,0.5119814449762783,False,0,cp+r,synthetic,100,131,bnn-synthetic-localloss,525_525,,False,False,False,True,50,42,,10,0,one,0,True,1,105,0,0.5,1,2000,False,False
25.0,99.203,0.0707177488329491,94.735,0.587388287251287,False,0,cp+r,synthetic,100,131,bnn-synthetic-localloss,525_525,,False,False,False,True,50,42,,10,0,one,0,True,1,105,0,0.5,1,2000,False,False
26.0,99.245,0.0855862138431199,94.965,0.5094359626096306,False,0,cp+r,synthetic,100,131,bnn-synthetic-localloss,525_525,,False,False,False,True,50,42,,10,0,one,0,True,1,105,0,0.5,1,2000,False,False
27.0,99.316,0.1009158064923408,94.88,0.5432310742216416,False,0,cp+r,synthetic,100,131,bnn-synthetic-localloss,525_525,,False,False,False,True,50,42,,10,0,one,0,True,1,105,0,0.5,1,2000,False,False
28.0,99.336,0.0873155198117737,94.95,0.5094114250780004,False,0,cp+r,synthetic,100,131,bnn-synthetic-localloss,525_525,,False,False,False,True,50,42,,10,0,one,0,True,1,105,0,0.5,1,2000,False,False
29.0,99.35,0.0360555127546417,94.89,0.5467174773134671,False,0,cp+r,synthetic,100,131,bnn-synthetic-localloss,525_525,,False,False,False,True,50,42,,10,0,one,0,True,1,105,0,0.5,1,2000,False,False
30.0,99.39,0.0778460018241133,94.775,0.5423329235810791,False,0,cp+r,synthetic,100,131,bnn-synthetic-localloss,525_525,,False,False,False,True,50,42,,10,0,one,0,True,1,105,0,0.5,1,2000,False,False
31.0,99.447,0.0511957029446786,94.955,0.4740516849458499,False,0,cp+r,synthetic,100,131,bnn-synthetic-localloss,525_525,,False,False,False,True,50,42,,10,0,one,0,True,1,105,0,0.5,1,2000,False,False
32.0,99.494,0.0463033476111588,95.035,0.5648229811188596,False,0,cp+r,synthetic,100,131,bnn-synthetic-localloss,525_525,,False,False,False,True,50,42,,10,0,one,0,True,1,105,0,0.5,1,2000,False,False
33.0,99.514,0.0729657453878161,94.985,0.4847937705870392,False,0,cp+r,synthetic,100,131,bnn-synthetic-localloss,525_525,,False,False,False,True,50,42,,10,0,one,0,True,1,105,0,0.5,1,2000,False,False
34.0,99.527,0.0453982378512647,94.775,0.4895150661624209,False,0,cp+r,synthetic,100,131,bnn-synthetic-localloss,525_525,,False,False,False,True,50,42,,10,0,one,0,True,1,105,0,0.5,1,2000,False,False
35.0,99.564,0.0651459898996129,94.905,0.5076662289339307,False,0,cp+r,synthetic,100,131,bnn-synthetic-localloss,525_525,,False,False,False,True,50,42,,10,0,one,0,True,1,105,0,0.5,1,2000,False,False
36.0,99.584,0.0616765757804401,94.82,0.5080354318352228,False,0,cp+r,synthetic,100,131,bnn-synthetic-localloss,525_525,,False,False,False,True,50,42,,10,0,one,0,True,1,105,0,0.5,1,2000,False,False
37.0,99.598,0.0646219776856154,94.715,0.5665906811799841,False,0,cp+r,synthetic,100,131,bnn-synthetic-localloss,525_525,,False,False,False,True,50,42,,10,0,one,0,True,1,105,0,0.5,1,2000,False,False
38.0,99.631,0.0546717477313437,94.695,0.5354670858232089,False,0,cp+r,synthetic,100,131,bnn-synthetic-localloss,525_525,,False,False,False,True,50,42,,10,0,one,0,True,1,105,0,0.5,1,2000,False,False
39.0,99.635,0.0335410196624951,94.8,0.5064582904840237,False,0,cp+r,synthetic,100,131,bnn-synthetic-localloss,525_525,,False,False,False,True,50,42,,10,0,one,0,True,1,105,0,0.5,1,2000,False,False
40.0,99.667,0.041725292090049,94.55,0.5818075283115565,False,0,cp+r,synthetic,100,131,bnn-synthetic-localloss,525_525,,False,False,False,True,50,42,,10,0,one,0,True,1,105,0,0.5,1,2000,False,False
41.0,99.667,0.0473392015141778,94.45,0.6667083320313295,False,0,cp+r,synthetic,100,131,bnn-synthetic-localloss,525_525,,False,False,False,True,50,42,,10,0,one,0,True,1,105,0,0.5,1,2000,False,False
42.0,99.692,0.0292574776766519,94.795,0.5702850164610698,False,0,cp+r,synthetic,100,131,bnn-synthetic-localloss,525_525,,False,False,False,True,50,42,,10,0,one,0,True,1,105,0,0.5,1,2000,False,False
43.0,99.701,0.0391024295920303,94.515,0.7134598797409704,False,0,cp+r,synthetic,100,131,bnn-synthetic-localloss,525_525,,False,False,False,True,50,42,,10,0,one,0,True,1,105,0,0.5,1,2000,False,False
44.0,99.737,0.0272213151776359,94.665,0.439914764471482,False,0,cp+r,synthetic,100,131,bnn-synthetic-localloss,525_525,,False,False,False,True,50,42,,10,0,one,0,True,1,105,0,0.5,1,2000,False,False
45.0,99.74,0.0495983870705491,94.695,0.4660740284547091,False,0,cp+r,synthetic,100,131,bnn-synthetic-localloss,525_525,,False,False,False,True,50,42,,10,0,one,0,True,1,105,0,0.5,1,2000,False,False
46.0,99.764,0.04651881339845,94.76,0.5629387178015041,False,0,cp+r,synthetic,100,131,bnn-synthetic-localloss,525_525,,False,False,False,True,50,42,,10,0,one,0,True,1,105,0,0.5,1,2000,False,False
47.0,99.753,0.0343656805548828,94.65,0.4555216789572135,False,0,cp+r,synthetic,100,131,bnn-synthetic-localloss,525_525,,False,False,False,True,50,42,,10,0,one,0,True,1,105,0,0.5,1,2000,False,False
48.0,99.777,0.046914816422962,94.66,0.5471745608121785,False,0,cp+r,synthetic,100,131,bnn-synthetic-localloss,525_525,,False,False,False,True,50,42,,10,0,one,0,True,1,105,0,0.5,1,2000,False,False
49.0,99.805,0.0358468966578693,94.655,0.6597158479224186,False,0,cp+r,synthetic,100,131,bnn-synthetic-localloss,525_525,,False,False,False,True,50,42,,10,0,one,0,True,1,105,0,0.5,1,2000,False,False
50.0,99.802,0.0321869538788595,94.835,0.5554502678008195,False,0,cp+r,synthetic,100,131,bnn-synthetic-localloss,525_525,,False,False,False,True,50,42,,10,0,one,0,True,1,105,0,0.5,1,2000,False,False
0.0,9.873,0.5986326085338152,9.975,1.120546741550748,False,0,cp+r,synthetic,100,8,bnn-synthetic-localloss,35_35,,False,False,False,True,50,42,,10,0,one,0,True,1,35,0,0.5,1,2000,False,False
1.0,13.313,0.4559616211919595,19.68,1.1287603820120549,False,0,cp+r,synthetic,100,8,bnn-synthetic-localloss,35_35,,False,False,False,True,50,42,,10,0,one,0,True,1,35,0,0.5,1,2000,False,False
2.0,30.317,1.4220270742851555,38.84,1.4686388255796583,False,0,cp+r,synthetic,100,8,bnn-synthetic-localloss,35_35,,False,False,False,True,50,42,,10,0,one,0,True,1,35,0,0.5,1,2000,False,False
3.0,48.852,1.2608631963857138,52.325,1.178611471181238,False,0,cp+r,synthetic,100,8,bnn-synthetic-localloss,35_35,,False,False,False,True,50,42,,10,0,one,0,True,1,35,0,0.5,1,2000,False,False
4.0,60.851,1.293780893350956,59.65,1.3032651303552938,False,0,cp+r,synthetic,100,8,bnn-synthetic-localloss,35_35,,False,False,False,True,50,42,,10,0,one,0,True,1,35,0,0.5,1,2000,False,False
5.0,67.738,1.0822180926227387,64.89,0.9049309365912948,False,0,cp+r,synthetic,100,8,bnn-synthetic-localloss,35_35,,False,False,False,True,50,42,,10,0,one,0,True,1,35,0,0.5,1,2000,False,False
6.0,72.035,1.163849217038013,67.38,1.2157713600837958,False,0,cp+r,synthetic,100,8,bnn-synthetic-localloss,35_35,,False,False,False,True,50,42,,10,0,one,0,True,1,35,0,0.5,1,2000,False,False
7.0,74.952,0.9442647933710128,69.83500000000001,1.296929065138106,False,0,cp+r,synthetic,100,8,bnn-synthetic-localloss,35_35,,False,False,False,True,50,42,,10,0,one,0,True,1,35,0,0.5,1,2000,False,False
8.0,77.209,0.8379671831283141,71.71000000000001,1.0748953437428204,False,0,cp+r,synthetic,100,8,bnn-synthetic-localloss,35_35,,False,False,False,True,50,42,,10,0,one,0,True,1,35,0,0.5,1,2000,False,False
9.0,78.809,0.7758537233267633,73.285,1.2635367030680222,False,0,cp+r,synthetic,100,8,bnn-synthetic-localloss,35_35,,False,False,False,True,50,42,,10,0,one,0,True,1,35,0,0.5,1,2000,False,False
10.0,79.875,0.9673184584199762,73.64999999999999,0.7039176088151232,False,0,cp+r,synthetic,100,8,bnn-synthetic-localloss,35_35,,False,False,False,True,50,42,,10,0,one,0,True,1,35,0,0.5,1,2000,False,False
11.0,81.168,0.5916384030808008,74.16499999999999,0.7842352963237512,False,0,cp+r,synthetic,100,8,bnn-synthetic-localloss,35_35,,False,False,False,True,50,42,,10,0,one,0,True,1,35,0,0.5,1,2000,False,False
12.0,81.715,0.6492187612815917,74.71000000000001,0.8502352615599995,False,0,cp+r,synthetic,100,8,bnn-synthetic-localloss,35_35,,False,False,False,True,50,42,,10,0,one,0,True,1,35,0,0.5,1,2000,False,False
13.0,82.71799999999999,0.7448865685458398,75.465,0.7768687147774708,False,0,cp+r,synthetic,100,8,bnn-synthetic-localloss,35_35,,False,False,False,True,50,42,,10,0,one,0,True,1,35,0,0.5,1,2000,False,False
14.0,83.25800000000001,0.648703322020168,76.38000000000001,1.3394401815684034,False,0,cp+r,synthetic,100,8,bnn-synthetic-localloss,35_35,,False,False,False,True,50,42,,10,0,one,0,True,1,35,0,0.5,1,2000,False,False
15.0,83.628,0.7522871792075132,75.64000000000001,1.0415853301578342,False,0,cp+r,synthetic,100,8,bnn-synthetic-localloss,35_35,,False,False,False,True,50,42,,10,0,one,0,True,1,35,0,0.5,1,2000,False,False
16.0,84.132,0.677049481205029,76.08000000000001,0.7473954776421918,False,0,cp+r,synthetic,100,8,bnn-synthetic-localloss,35_35,,False,False,False,True,50,42,,10,0,one,0,True,1,35,0,0.5,1,2000,False,False
17.0,84.501,0.7747961022101244,76.74000000000001,1.2709838708654029,False,0,cp+r,synthetic,100,8,bnn-synthetic-localloss,35_35,,False,False,False,True,50,42,,10,0,one,0,True,1,35,0,0.5,1,2000,False,False
18.0,84.99000000000001,0.8216446920658569,76.64500000000001,1.2671720483028344,False,0,cp+r,synthetic,100,8,bnn-synthetic-localloss,35_35,,False,False,False,True,50,42,,10,0,one,0,True,1,35,0,0.5,1,2000,False,False
19.0,85.245,0.5035325212933132,76.92999999999999,1.3313902508280575,False,0,cp+r,synthetic,100,8,bnn-synthetic-localloss,35_35,,False,False,False,True,50,42,,10,0,one,0,True,1,35,0,0.5,1,2000,False,False
20.0,85.51400000000001,0.6656906188313019,77.455,0.7118461912520142,False,0,cp+r,synthetic,100,8,bnn-synthetic-localloss,35_35,,False,False,False,True,50,42,,10,0,one,0,True,1,35,0,0.5,1,2000,False,False
21.0,85.85900000000001,0.5374653477202036,77.80000000000001,0.8823264701911652,False,0,cp+r,synthetic,100,8,bnn-synthetic-localloss,35_35,,False,False,False,True,50,42,,10,0,one,0,True,1,35,0,0.5,1,2000,False,False
22.0,85.92699999999999,0.8850881312050254,77.505,1.21458840765092,False,0,cp+r,synthetic,100,8,bnn-synthetic-localloss,35_35,,False,False,False,True,50,42,,10,0,one,0,True,1,35,0,0.5,1,2000,False,False
23.0,86.14400000000002,0.4896570228231207,77.735,1.7422758105420606,False,0,cp+r,synthetic,100,8,bnn-synthetic-localloss,35_35,,False,False,False,True,50,42,,10,0,one,0,True,1,35,0,0.5,1,2000,False,False
24.0,86.32300000000001,0.667053970829947,78.14,1.1159749101122296,False,0,cp+r,synthetic,100,8,bnn-synthetic-localloss,35_35,,False,False,False,True,50,42,,10,0,one,0,True,1,35,0,0.5,1,2000,False,False
25.0,86.597,0.7026243662156918,77.53999999999999,1.0620263650211326,False,0,cp+r,synthetic,100,8,bnn-synthetic-localloss,35_35,,False,False,False,True,50,42,,10,0,one,0,True,1,35,0,0.5,1,2000,False,False
26.0,87.013,0.7050964473034873,78.025,1.115627626047327,False,0,cp+r,synthetic,100,8,bnn-synthetic-localloss,35_35,,False,False,False,True,50,42,,10,0,one,0,True,1,35,0,0.5,1,2000,False,False
27.0,86.912,0.5856927522174058,78.31500000000001,1.186602292261396,False,0,cp+r,synthetic,100,8,bnn-synthetic-localloss,35_35,,False,False,False,True,50,42,,10,0,one,0,True,1,35,0,0.5,1,2000,False,False
28.0,86.921,0.697372927492883,78.125,0.9895074532311492,False,0,cp+r,synthetic,100,8,bnn-synthetic-localloss,35_35,,False,False,False,True,50,42,,10,0,one,0,True,1,35,0,0.5,1,2000,False,False
29.0,87.331,0.793605065508025,78.14,1.2257242756835636,False,0,cp+r,synthetic,100,8,bnn-synthetic-localloss,35_35,,False,False,False,True,50,42,,10,0,one,0,True,1,35,0,0.5,1,2000,False,False
30.0,87.375,0.6255277771610168,78.22,0.6581033353509166,False,0,cp+r,synthetic,100,8,bnn-synthetic-localloss,35_35,,False,False,False,True,50,42,,10,0,one,0,True,1,35,0,0.5,1,2000,False,False
31.0,87.36,0.6530696746902322,78.285,0.8321808697632972,False,0,cp+r,synthetic,100,8,bnn-synthetic-localloss,35_35,,False,False,False,True,50,42,,10,0,one,0,True,1,35,0,0.5,1,2000,False,False
32.0,87.792,0.6809963289181512,78.485,0.9947487119871032,False,0,cp+r,synthetic,100,8,bnn-synthetic-localloss,35_35,,False,False,False,True,50,42,,10,0,one,0,True,1,35,0,0.5,1,2000,False,False
33.0,87.877,0.5328611451400871,78.625,1.091844769186538,False,0,cp+r,synthetic,100,8,bnn-synthetic-localloss,35_35,,False,False,False,True,50,42,,10,0,one,0,True,1,35,0,0.5,1,2000,False,False
34.0,87.90299999999999,0.6903050050521146,78.61,1.0707007051459332,False,0,cp+r,synthetic,100,8,bnn-synthetic-localloss,35_35,,False,False,False,True,50,42,,10,0,one,0,True,1,35,0,0.5,1,2000,False,False
35.0,87.94800000000001,0.8204608461102817,78.475,1.2192723239703265,False,0,cp+r,synthetic,100,8,bnn-synthetic-localloss,35_35,,False,False,False,True,50,42,,10,0,one,0,True,1,35,0,0.5,1,2000,False,False
36.0,88.066,0.7977367986999229,78.47999999999999,1.700911520332553,False,0,cp+r,synthetic,100,8,bnn-synthetic-localloss,35_35,,False,False,False,True,50,42,,10,0,one,0,True,1,35,0,0.5,1,2000,False,False
37.0,88.15900000000002,0.7162185420665956,78.395,0.9193611912627128,False,0,cp+r,synthetic,100,8,bnn-synthetic-localloss,35_35,,False,False,False,True,50,42,,10,0,one,0,True,1,35,0,0.5,1,2000,False,False
38.0,88.202,0.628916528642712,78.64500000000001,1.2129406415814408,False,0,cp+r,synthetic,100,8,bnn-synthetic-localloss,35_35,,False,False,False,True,50,42,,10,0,one,0,True,1,35,0,0.5,1,2000,False,False
39.0,88.473,0.7418227551106792,79.15,0.9362157870918426,False,0,cp+r,synthetic,100,8,bnn-synthetic-localloss,35_35,,False,False,False,True,50,42,,10,0,one,0,True,1,35,0,0.5,1,2000,False,False
40.0,88.45700000000001,0.6428693490904641,78.83000000000001,1.2054459755625735,False,0,cp+r,synthetic,100,8,bnn-synthetic-localloss,35_35,,False,False,False,True,50,42,,10,0,one,0,True,1,35,0,0.5,1,2000,False,False
41.0,88.471,0.6312598514082772,78.59,0.674091981854109,False,0,cp+r,synthetic,100,8,bnn-synthetic-localloss,35_35,,False,False,False,True,50,42,,10,0,one,0,True,1,35,0,0.5,1,2000,False,False
42.0,88.54799999999999,0.5310517865519315,79.235,0.6527059062089151,False,0,cp+r,synthetic,100,8,bnn-synthetic-localloss,35_35,,False,False,False,True,50,42,,10,0,one,0,True,1,35,0,0.5,1,2000,False,False
43.0,88.702,0.7376150757678445,79.115,1.076580233888773,False,0,cp+r,synthetic,100,8,bnn-synthetic-localloss,35_35,,False,False,False,True,50,42,,10,0,one,0,True,1,35,0,0.5,1,2000,False,False
44.0,88.90299999999999,0.6482445526188421,79.32,1.0512373661547625,False,0,cp+r,synthetic,100,8,bnn-synthetic-localloss,35_35,,False,False,False,True,50,42,,10,0,one,0,True,1,35,0,0.5,1,2000,False,False
45.0,88.87100000000001,0.6554303929480232,79.41499999999999,0.8291712730190318,False,0,cp+r,synthetic,100,8,bnn-synthetic-localloss,35_35,,False,False,False,True,50,42,,10,0,one,0,True,1,35,0,0.5,1,2000,False,False
46.0,88.934,0.6011854955003495,79.35499999999999,1.5453883007192717,False,0,cp+r,synthetic,100,8,bnn-synthetic-localloss,35_35,,False,False,False,True,50,42,,10,0,one,0,True,1,35,0,0.5,1,2000,False,False
47.0,88.94800000000001,0.8216787693496774,79.325,1.011496416207195,False,0,cp+r,synthetic,100,8,bnn-synthetic-localloss,35_35,,False,False,False,True,50,42,,10,0,one,0,True,1,35,0,0.5,1,2000,False,False
48.0,89.02000000000001,0.7260853944268526,79.345,1.3640839416986048,False,0,cp+r,synthetic,100,8,bnn-synthetic-localloss,35_35,,False,False,False,True,50,42,,10,0,one,0,True,1,35,0,0.5,1,2000,False,False
49.0,89.179,0.9534406116796164,79.47,0.9421252570651124,False,0,cp+r,synthetic,100,8,bnn-synthetic-localloss,35_35,,False,False,False,True,50,42,,10,0,one,0,True,1,35,0,0.5,1,2000,False,False
50.0,89.266,0.8326127551268931,79.10499999999999,1.2693403798824014,False,0,cp+r,synthetic,100,8,bnn-synthetic-localloss,35_35,,False,False,False,True,50,42,,10,0,one,0,True,1,35,0,0.5,1,2000,False,False
0.0,9.964,0.4733539901595845,9.835,0.555,False,0,cp+r,synthetic,100,33,bnn-synthetic-localloss,135_135,,False,False,False,True,50,42,,10,0,one,0,True,1,45,0,0.5,1,2000,False,False
1.0,18.285,0.853560191199191,34.855,1.315570218574439,False,0,cp+r,synthetic,100,33,bnn-synthetic-localloss,135_135,,False,False,False,True,50,42,,10,0,one,0,True,1,45,0,0.5,1,2000,False,False
2.0,60.25500000000001,1.4647815536795918,73.28999999999999,1.0799999999999994,False,0,cp+r,synthetic,100,33,bnn-synthetic-localloss,135_135,,False,False,False,True,50,42,,10,0,one,0,True,1,45,0,0.5,1,2000,False,False
3.0,83.474,0.6744360607203598,83.71,0.8187795796183485,False,0,cp+r,synthetic,100,33,bnn-synthetic-localloss,135_135,,False,False,False,True,50,42,,10,0,one,0,True,1,45,0,0.5,1,2000,False,False
4.0,89.91799999999999,0.4439549526697506,86.89000000000001,0.9562426470305524,False,0,cp+r,synthetic,100,33,bnn-synthetic-localloss,135_135,,False,False,False,True,50,42,,10,0,one,0,True,1,45,0,0.5,1,2000,False,False
5.0,92.471,0.3373558951611785,88.63500000000002,0.5661492736019393,False,0,cp+r,synthetic,100,33,bnn-synthetic-localloss,135_135,,False,False,False,True,50,42,,10,0,one,0,True,1,45,0,0.5,1,2000,False,False
6.0,93.905,0.3257069234756909,89.525,0.8087799453497855,False,0,cp+r,synthetic,100,33,bnn-synthetic-localloss,135_135,,False,False,False,True,50,42,,10,0,one,0,True,1,45,0,0.5,1,2000,False,False
7.0,94.949,0.2790143365492189,90.095,0.518386921131309,False,0,cp+r,synthetic,100,33,bnn-synthetic-localloss,135_135,,False,False,False,True,50,42,,10,0,one,0,True,1,45,0,0.5,1,2000,False,False
8.0,95.609,0.2482518882103427,90.665,0.460461724793711,False,0,cp+r,synthetic,100,33,bnn-synthetic-localloss,135_135,,False,False,False,True,50,42,,10,0,one,0,True,1,45,0,0.5,1,2000,False,False
9.0,96.156,0.1833139383680323,91.03,0.8660831368869842,False,0,cp+r,synthetic,100,33,bnn-synthetic-localloss,135_135,,False,False,False,True,50,42,,10,0,one,0,True,1,45,0,0.5,1,2000,False,False
10.0,96.649,0.1621388294024615,91.06,0.6315853069855263,False,0,cp+r,synthetic,100,33,bnn-synthetic-localloss,135_135,,False,False,False,True,50,42,,10,0,one,0,True,1,45,0,0.5,1,2000,False,False
11.0,96.96,0.1626038129934261,91.25,0.650000000000001,False,0,cp+r,synthetic,100,33,bnn-synthetic-localloss,135_135,,False,False,False,True,50,42,,10,0,one,0,True,1,45,0,0.5,1,2000,False,False
12.0,97.323,0.1888412031310945,91.535,0.7671538307275795,False,0,cp+r,synthetic,100,33,bnn-synthetic-localloss,135_135,,False,False,False,True,50,42,,10,0,one,0,True,1,45,0,0.5,1,2000,False,False
13.0,97.519,0.1401035331460291,91.735,0.5486574523325095,False,0,cp+r,synthetic,100,33,bnn-synthetic-localloss,135_135,,False,False,False,True,50,42,,10,0,one,0,True,1,45,0,0.5,1,2000,False,False
14.0,97.764,0.1403709371629325,91.84,0.7224264668462799,False,0,cp+r,synthetic,100,33,bnn-synthetic-localloss,135_135,,False,False,False,True,50,42,,10,0,one,0,True,1,45,0,0.5,1,2000,False,False
15.0,97.89,0.1879361593733368,91.65,0.5389805191284757,False,0,cp+r,synthetic,100,33,bnn-synthetic-localloss,135_135,,False,False,False,True,50,42,,10,0,one,0,True,1,45,0,0.5,1,2000,False,False
16.0,98.132,0.1385496300969431,91.895,0.7504831776928774,False,0,cp+r,synthetic,100,33,bnn-synthetic-localloss,135_135,,False,False,False,True,50,42,,10,0,one,0,True,1,45,0,0.5,1,2000,False,False
17.0,98.238,0.1526302722267108,91.7,0.6866585760041154,False,0,cp+r,synthetic,100,33,bnn-synthetic-localloss,135_135,,False,False,False,True,50,42,,10,0,one,0,True,1,45,0,0.5,1,2000,False,False
18.0,98.395,0.1559006093637865,91.53,1.063766891757776,False,0,cp+r,synthetic,100,33,bnn-synthetic-localloss,135_135,,False,False,False,True,50,42,,10,0,one,0,True,1,45,0,0.5,1,2000,False,False
19.0,98.536,0.1455472431892804,92.06,0.9101648202386208,False,0,cp+r,synthetic,100,33,bnn-synthetic-localloss,135_135,,False,False,False,True,50,42,,10,0,one,0,True,1,45,0,0.5,1,2000,False,False
20.0,98.627,0.0764264352171423,91.995,0.6076388730158723,False,0,cp+r,synthetic,100,33,bnn-synthetic-localloss,135_135,,False,False,False,True,50,42,,10,0,one,0,True,1,45,0,0.5,1,2000,False,False
21.0,98.695,0.1118257573191419,91.875,0.7616593726857167,False,0,cp+r,synthetic,100,33,bnn-synthetic-localloss,135_135,,False,False,False,True,50,42,,10,0,one,0,True,1,45,0,0.5,1,2000,False,False
22.0,98.785,0.0976985158536167,92.025,0.6353148825582475,False,0,cp+r,synthetic,100,33,bnn-synthetic-localloss,135_135,,False,False,False,True,50,42,,10,0,one,0,True,1,45,0,0.5,1,2000,False,False
23.0,98.88,0.1236122971228989,91.98,0.7416872656315471,False,0,cp+r,synthetic,100,33,bnn-synthetic-localloss,135_135,,False,False,False,True,50,42,,10,0,one,0,True,1,45,0,0.5,1,2000,False,False
24.0,98.916,0.1540259718359202,92.205,0.7240338389882065,False,0,cp+r,synthetic,100,33,bnn-synthetic-localloss,135_135,,False,False,False,True,50,42,,10,0,one,0,True,1,45,0,0.5,1,2000,False,False
25.0,99.008,0.1134724636200364,92.37,0.693974062915899,False,0,cp+r,synthetic,100,33,bnn-synthetic-localloss,135_135,,False,False,False,True,50,42,,10,0,one,0,True,1,45,0,0.5,1,2000,False,False
26.0,99.069,0.122020490082607,92.17,0.7966178506661771,False,0,cp+r,synthetic,100,33,bnn-synthetic-localloss,135_135,,False,False,False,True,50,42,,10,0,one,0,True,1,45,0,0.5,1,2000,False,False
27.0,99.077,0.0948736001214244,92.04,0.8052328855678976,False,0,cp+r,synthetic,100,33,bnn-synthetic-localloss,135_135,,False,False,False,True,50,42,,10,0,one,0,True,1,45,0,0.5,1,2000,False,False
28.0,99.171,0.05356304696337,92.06,0.5494542747126444,False,0,cp+r,synthetic,100,33,bnn-synthetic-localloss,135_135,,False,False,False,True,50,42,,10,0,one,0,True,1,45,0,0.5,1,2000,False,False
29.0,99.216,0.1043264108459598,92.27,0.6261788881781323,False,0,cp+r,synthetic,100,33,bnn-synthetic-localloss,135_135,,False,False,False,True,50,42,,10,0,one,0,True,1,45,0,0.5,1,2000,False,False
30.0,99.216,0.0851116913238116,91.99,0.5616048432839555,False,0,cp+r,synthetic,100,33,bnn-synthetic-localloss,135_135,,False,False,False,True,50,42,,10,0,one,0,True,1,45,0,0.5,1,2000,False,False
31.0,99.23,0.0908845421400149,92.28,0.8885943956609214,False,0,cp+r,synthetic,100,33,bnn-synthetic-localloss,135_135,,False,False,False,True,50,42,,10,0,one,0,True,1,45,0,0.5,1,2000,False,False
32.0,99.29,0.0927361849549577,92.06,0.4731807265728395,False,0,cp+r,synthetic,100,33,bnn-synthetic-localloss,135_135,,False,False,False,True,50,42,,10,0,one,0,True,1,45,0,0.5,1,2000,False,False
33.0,99.293,0.08967162315917,92.21,0.6077828559609098,False,0,cp+r,synthetic,100,33,bnn-synthetic-localloss,135_135,,False,False,False,True,50,42,,10,0,one,0,True,1,45,0,0.5,1,2000,False,False
34.0,99.357,0.0651229606206607,92.14,0.609425959407703,False,0,cp+r,synthetic,100,33,bnn-synthetic-localloss,135_135,,False,False,False,True,50,42,,10,0,one,0,True,1,45,0,0.5,1,2000,False,False
35.0,99.389,0.0725878777758383,92.27,0.5075431016179817,False,0,cp+r,synthetic,100,33,bnn-synthetic-localloss,135_135,,False,False,False,True,50,42,,10,0,one,0,True,1,45,0,0.5,1,2000,False,False
36.0,99.45000000000002,0.0913236004546465,92.2,0.7700649323271391,False,0,cp+r,synthetic,100,33,bnn-synthetic-localloss,135_135,,False,False,False,True,50,42,,10,0,one,0,True,1,45,0,0.5,1,2000,False,False
37.0,99.448,0.058446556784811,92.385,0.4939888662712966,False,0,cp+r,synthetic,100,33,bnn-synthetic-localloss,135_135,,False,False,False,True,50,42,,10,0,one,0,True,1,45,0,0.5,1,2000,False,False
38.0,99.455,0.0646915759585448,92.1,0.4801041553663146,False,0,cp+r,synthetic,100,33,bnn-synthetic-localloss,135_135,,False,False,False,True,50,42,,10,0,one,0,True,1,45,0,0.5,1,2000,False,False
39.0,99.51,0.0428952211790564,92.275,0.5586814834948434,False,0,cp+r,synthetic,100,33,bnn-synthetic-localloss,135_135,,False,False,False,True,50,42,,10,0,one,0,True,1,45,0,0.5,1,2000,False,False
40.0,99.521,0.0742226380560559,92.13,0.4567274898667697,False,0,cp+r,synthetic,100,33,bnn-synthetic-localloss,135_135,,False,False,False,True,50,42,,10,0,one,0,True,1,45,0,0.5,1,2000,False,False
41.0,99.559,0.060074953183502,92.23,0.4712748667179244,False,0,cp+r,synthetic,100,33,bnn-synthetic-localloss,135_135,,False,False,False,True,50,42,,10,0,one,0,True,1,45,0,0.5,1,2000,False,False
42.0,99.583,0.0606712452484711,92.265,0.5000249993750295,False,0,cp+r,synthetic,100,33,bnn-synthetic-localloss,135_135,,False,False,False,True,50,42,,10,0,one,0,True,1,45,0,0.5,1,2000,False,False
43.0,99.562,0.0775628777186617,92.37,0.202731349327134,False,0,cp+r,synthetic,100,33,bnn-synthetic-localloss,135_135,,False,False,False,True,50,42,,10,0,one,0,True,1,45,0,0.5,1,2000,False,False
44.0,99.606,0.0581721582889963,91.98,0.3218695387886215,False,0,cp+r,synthetic,100,33,bnn-synthetic-localloss,135_135,,False,False,False,True,50,42,,10,0,one,0,True,1,45,0,0.5,1,2000,False,False
45.0,99.616,0.0540740233383846,92.185,0.666352009076285,False,0,cp+r,synthetic,100,33,bnn-synthetic-localloss,135_135,,False,False,False,True,50,42,,10,0,one,0,True,1,45,0,0.5,1,2000,False,False
46.0,99.637,0.1028639878674742,92.01,0.568682688324517,False,0,cp+r,synthetic,100,33,bnn-synthetic-localloss,135_135,,False,False,False,True,50,42,,10,0,one,0,True,1,45,0,0.5,1,2000,False,False
47.0,99.645,0.0546351535185918,92.06,0.3505709628591603,False,0,cp+r,synthetic,100,33,bnn-synthetic-localloss,135_135,,False,False,False,True,50,42,,10,0,one,0,True,1,45,0,0.5,1,2000,False,False
48.0,99.677,0.0654293512118203,92.255,0.6547709523184427,False,0,cp+r,synthetic,100,33,bnn-synthetic-localloss,135_135,,False,False,False,True,50,42,,10,0,one,0,True,1,45,0,0.5,1,2000,False,False
49.0,99.666,0.0725534285888684,92.255,0.5456418239101537,False,0,cp+r,synthetic,100,33,bnn-synthetic-localloss,135_135,,False,False,False,True,50,42,,10,0,one,0,True,1,45,0,0.5,1,2000,False,False
50.0,99.703,0.0616522505671915,92.245,0.4491380634058974,False,0,cp+r,synthetic,100,33,bnn-synthetic-localloss,135_135,,False,False,False,True,50,42,,10,0,one,0,True,1,45,0,0.5,1,2000,False,False
0.0,10.364,0.4847927392195556,10.405,0.9258644609228718,False,0,cp+r,synthetic,100,18,bnn-synthetic-localloss,75_75,,False,False,False,True,50,42,,10,0,one,0,True,1,75,0,0.5,1,2000,False,False
1.0,12.026,0.7121404355883746,14.65,1.4378803844548402,False,0,cp+r,synthetic,100,18,bnn-synthetic-localloss,75_75,,False,False,False,True,50,42,,10,0,one,0,True,1,75,0,0.5,1,2000,False,False
2.0,20.521,0.8619448938302258,26.285000000000004,1.382217421392163,False,0,cp+r,synthetic,100,18,bnn-synthetic-localloss,75_75,,False,False,False,True,50,42,,10,0,one,0,True,1,75,0,0.5,1,2000,False,False
3.0,35.78,1.3493035240449065,41.08,1.3319534526401426,False,0,cp+r,synthetic,100,18,bnn-synthetic-localloss,75_75,,False,False,False,True,50,42,,10,0,one,0,True,1,75,0,0.5,1,2000,False,False
4.0,50.891,1.4362691251990354,53.19,1.764341236836004,False,0,cp+r,synthetic,100,18,bnn-synthetic-localloss,75_75,,False,False,False,True,50,42,,10,0,one,0,True,1,75,0,0.5,1,2000,False,False
5.0,62.49699999999999,1.1699149541740204,62.07500000000001,1.4998749947912324,False,0,cp+r,synthetic,100,18,bnn-synthetic-localloss,75_75,,False,False,False,True,50,42,,10,0,one,0,True,1,75,0,0.5,1,2000,False,False
6.0,70.49699999999999,0.9197070185662382,68.425,1.3151520824604264,False,0,cp+r,synthetic,100,18,bnn-synthetic-localloss,75_75,,False,False,False,True,50,42,,10,0,one,0,True,1,75,0,0.5,1,2000,False,False
7.0,75.83500000000001,1.01860934611852,71.95500000000001,1.1890016820845966,False,0,cp+r,synthetic,100,18,bnn-synthetic-localloss,75_75,,False,False,False,True,50,42,,10,0,one,0,True,1,75,0,0.5,1,2000,False,False
8.0,79.48799999999999,0.7835917304310964,74.965,1.2627450257276818,False,0,cp+r,synthetic,100,18,bnn-synthetic-localloss,75_75,,False,False,False,True,50,42,,10,0,one,0,True,1,75,0,0.5,1,2000,False,False
9.0,82.30699999999999,0.808629086788253,77.155,1.0127808252529271,False,0,cp+r,synthetic,100,18,bnn-synthetic-localloss,75_75,,False,False,False,True,50,42,,10,0,one,0,True,1,75,0,0.5,1,2000,False,False
10.0,84.55000000000001,0.7283268497041674,78.92,1.5243359209832976,False,0,cp+r,synthetic,100,18,bnn-synthetic-localloss,75_75,,False,False,False,True,50,42,,10,0,one,0,True,1,75,0,0.5,1,2000,False,False
11.0,85.92800000000001,0.6473916897829328,80.015,0.7762248385616106,False,0,cp+r,synthetic,100,18,bnn-synthetic-localloss,75_75,,False,False,False,True,50,42,,10,0,one,0,True,1,75,0,0.5,1,2000,False,False
12.0,87.1,0.6578297652128525,80.83500000000001,0.8933224501824649,False,0,cp+r,synthetic,100,18,bnn-synthetic-localloss,75_75,,False,False,False,True,50,42,,10,0,one,0,True,1,75,0,0.5,1,2000,False,False
13.0,88.189,0.6479112593557896,81.86,1.1592670097954136,False,0,cp+r,synthetic,100,18,bnn-synthetic-localloss,75_75,,False,False,False,True,50,42,,10,0,one,0,True,1,75,0,0.5,1,2000,False,False
14.0,89.22100000000002,0.4903763860546322,82.355,1.3532276231292355,False,0,cp+r,synthetic,100,18,bnn-synthetic-localloss,75_75,,False,False,False,True,50,42,,10,0,one,0,True,1,75,0,0.5,1,2000,False,False
15.0,89.958,0.5245912694660462,82.97500000000001,0.9975595220336458,False,0,cp+r,synthetic,100,18,bnn-synthetic-localloss,75_75,,False,False,False,True,50,42,,10,0,one,0,True,1,75,0,0.5,1,2000,False,False
16.0,90.534,0.5527784366271878,83.84,1.24213525833542,False,0,cp+r,synthetic,100,18,bnn-synthetic-localloss,75_75,,False,False,False,True,50,42,,10,0,one,0,True,1,75,0,0.5,1,2000,False,False
17.0,91.093,0.3884340355839041,83.89000000000001,1.046135746449763,False,0,cp+r,synthetic,100,18,bnn-synthetic-localloss,75_75,,False,False,False,True,50,42,,10,0,one,0,True,1,75,0,0.5,1,2000,False,False
18.0,91.511,0.4446897795092678,84.635,0.5436221113972438,False,0,cp+r,synthetic,100,18,bnn-synthetic-localloss,75_75,,False,False,False,True,50,42,,10,0,one,0,True,1,75,0,0.5,1,2000,False,False
19.0,92.046,0.5065412125385268,84.8,0.7231873892705812,False,0,cp+r,synthetic,100,18,bnn-synthetic-localloss,75_75,,False,False,False,True,50,42,,10,0,one,0,True,1,75,0,0.5,1,2000,False,False
20.0,92.41,0.4861069841094642,85.125,1.4443424109261616,False,0,cp+r,synthetic,100,18,bnn-synthetic-localloss,75_75,,False,False,False,True,50,42,,10,0,one,0,True,1,75,0,0.5,1,2000,False,False
21.0,92.915,0.4079276896706066,85.55499999999999,0.7623811382766482,False,0,cp+r,synthetic,100,18,bnn-synthetic-localloss,75_75,,False,False,False,True,50,42,,10,0,one,0,True,1,75,0,0.5,1,2000,False,False
22.0,93.186,0.358446648749855,85.785,0.8105707865448873,False,0,cp+r,synthetic,100,18,bnn-synthetic-localloss,75_75,,False,False,False,True,50,42,,10,0,one,0,True,1,75,0,0.5,1,2000,False,False
23.0,93.407,0.3516830959827327,86.14000000000001,0.7231182475916369,False,0,cp+r,synthetic,100,18,bnn-synthetic-localloss,75_75,,False,False,False,True,50,42,,10,0,one,0,True,1,75,0,0.5,1,2000,False,False
24.0,93.67,0.4545547271781466,86.19000000000001,0.7133722730804728,False,0,cp+r,synthetic,100,18,bnn-synthetic-localloss,75_75,,False,False,False,True,50,42,,10,0,one,0,True,1,75,0,0.5,1,2000,False,False
25.0,93.89900000000002,0.4007854787788559,86.13,0.95582425162788,False,0,cp+r,synthetic,100,18,bnn-synthetic-localloss,75_75,,False,False,False,True,50,42,,10,0,one,0,True,1,75,0,0.5,1,2000,False,False
26.0,94.171,0.5462133282884981,86.4,0.9457801012920498,False,0,cp+r,synthetic,100,18,bnn-synthetic-localloss,75_75,,False,False,False,True,50,42,,10,0,one,0,True,1,75,0,0.5,1,2000,False,False
27.0,94.412,0.4177032439423958,86.61999999999999,0.8204267182387459,False,0,cp+r,synthetic,100,18,bnn-synthetic-localloss,75_75,,False,False,False,True,50,42,,10,0,one,0,True,1,75,0,0.5,1,2000,False,False
28.0,94.568,0.3866729884540664,86.725,0.938149774822762,False,0,cp+r,synthetic,100,18,bnn-synthetic-localloss,75_75,,False,False,False,True,50,42,,10,0,one,0,True,1,75,0,0.5,1,2000,False,False
29.0,94.694,0.5593424711212248,86.72,0.5806031346797897,False,0,cp+r,synthetic,100,18,bnn-synthetic-localloss,75_75,,False,False,False,True,50,42,,10,0,one,0,True,1,75,0,0.5,1,2000,False,False
30.0,94.792,0.4924185211788868,86.715,0.6884947349108782,False,0,cp+r,synthetic,100,18,bnn-synthetic-localloss,75_75,,False,False,False,True,50,42,,10,0,one,0,True,1,75,0,0.5,1,2000,False,False
31.0,94.993,0.3647204408858925,86.82,0.6701492371106601,False,0,cp+r,synthetic,100,18,bnn-synthetic-localloss,75_75,,False,False,False,True,50,42,,10,0,one,0,True,1,75,0,0.5,1,2000,False,False
32.0,95.249,0.2636835224279287,86.64500000000001,0.5533760023709011,False,0,cp+r,synthetic,100,18,bnn-synthetic-localloss,75_75,,False,False,False,True,50,42,,10,0,one,0,True,1,75,0,0.5,1,2000,False,False
33.0,95.305,0.34989284073842,87.025,0.6157312725532129,False,0,cp+r,synthetic,100,18,bnn-synthetic-localloss,75_75,,False,False,False,True,50,42,,10,0,one,0,True,1,75,0,0.5,1,2000,False,False
34.0,95.364,0.3676193683689684,87.215,0.6674765913498373,False,0,cp+r,synthetic,100,18,bnn-synthetic-localloss,75_75,,False,False,False,True,50,42,,10,0,one,0,True,1,75,0,0.5,1,2000,False,False
35.0,95.456,0.327694980126339,87.05999999999999,0.6658828725834616,False,0,cp+r,synthetic,100,18,bnn-synthetic-localloss,75_75,,False,False,False,True,50,42,,10,0,one,0,True,1,75,0,0.5,1,2000,False,False
36.0,95.67499999999998,0.3510056979594497,87.20500000000001,0.6125561198780071,False,0,cp+r,synthetic,100,18,bnn-synthetic-localloss,75_75,,False,False,False,True,50,42,,10,0,one,0,True,1,75,0,0.5,1,2000,False,False
37.0,95.72399999999998,0.3295815528818314,86.99,0.6003332407921452,False,0,cp+r,synthetic,100,18,bnn-synthetic-localloss,75_75,,False,False,False,True,50,42,,10,0,one,0,True,1,75,0,0.5,1,2000,False,False
38.0,95.809,0.4279123742076197,87.455,0.5274703783152204,False,0,cp+r,synthetic,100,18,bnn-synthetic-localloss,75_75,,False,False,False,True,50,42,,10,0,one,0,True,1,75,0,0.5,1,2000,False,False
39.0,96.017,0.5390556557536499,87.74000000000001,0.3740320841853025,False,0,cp+r,synthetic,100,18,bnn-synthetic-localloss,75_75,,False,False,False,True,50,42,,10,0,one,0,True,1,75,0,0.5,1,2000,False,False
40.0,96.093,0.3166717543450946,87.66999999999999,0.7277362159464102,False,0,cp+r,synthetic,100,18,bnn-synthetic-localloss,75_75,,False,False,False,True,50,42,,10,0,one,0,True,1,75,0,0.5,1,2000,False,False
41.0,96.303,0.3260076686214592,87.745,0.4508048358214441,False,0,cp+r,synthetic,100,18,bnn-synthetic-localloss,75_75,,False,False,False,True,50,42,,10,0,one,0,True,1,75,0,0.5,1,2000,False,False
42.0,96.256,0.4019999999999991,87.715,0.8249393917131106,False,0,cp+r,synthetic,100,18,bnn-synthetic-localloss,75_75,,False,False,False,True,50,42,,10,0,one,0,True,1,75,0,0.5,1,2000,False,False
43.0,96.422,0.4673927684506921,87.89500000000001,0.6547709523184438,False,0,cp+r,synthetic,100,18,bnn-synthetic-localloss,75_75,,False,False,False,True,50,42,,10,0,one,0,True,1,75,0,0.5,1,2000,False,False
44.0,96.46,0.418545099123142,87.7,0.5616938667993481,False,0,cp+r,synthetic,100,18,bnn-synthetic-localloss,75_75,,False,False,False,True,50,42,,10,0,one,0,True,1,75,0,0.5,1,2000,False,False
45.0,96.531,0.3908055782611067,87.565,0.5064829710858981,False,0,cp+r,synthetic,100,18,bnn-synthetic-localloss,75_75,,False,False,False,True,50,42,,10,0,one,0,True,1,75,0,0.5,1,2000,False,False
46.0,96.533,0.3774135662638529,87.8,0.5937171043518956,False,0,cp+r,synthetic,100,18,bnn-synthetic-localloss,75_75,,False,False,False,True,50,42,,10,0,one,0,True,1,75,0,0.5,1,2000,False,False
47.0,96.604,0.2903859500733468,87.85,0.677126280689208,False,0,cp+r,synthetic,100,18,bnn-synthetic-localloss,75_75,,False,False,False,True,50,42,,10,0,one,0,True,1,75,0,0.5,1,2000,False,False
48.0,96.735,0.3098144606050525,87.875,0.7032958125852878,False,0,cp+r,synthetic,100,18,bnn-synthetic-localloss,75_75,,False,False,False,True,50,42,,10,0,one,0,True,1,75,0,0.5,1,2000,False,False
49.0,96.847,0.2702979837142706,87.71000000000001,0.8555115428794637,False,0,cp+r,synthetic,100,18,bnn-synthetic-localloss,75_75,,False,False,False,True,50,42,,10,0,one,0,True,1,75,0,0.5,1,2000,False,False
50.0,96.82,0.3022912502868738,87.64500000000001,0.555630272753383,False,0,cp+r,synthetic,100,18,bnn-synthetic-localloss,75_75,,False,False,False,True,50,42,,10,0,one,0,True,1,75,0,0.5,1,2000,False,False
0.0,9.938,0.62789808090167,9.685,0.6892205742721267,False,0,cp+r,synthetic,100,63,bnn-synthetic-localloss,255_255,,False,False,False,True,50,42,,10,0,one,0,True,1,85,0,0.5,1,2000,False,False
1.0,15.651,0.7193531816847681,24.125,1.3302725284692605,False,0,cp+r,synthetic,100,63,bnn-synthetic-localloss,255_255,,False,False,False,True,50,42,,10,0,one,0,True,1,85,0,0.5,1,2000,False,False
2.0,42.486,1.0810383896976097,58.02,1.2249897958758669,False,0,cp+r,synthetic,100,63,bnn-synthetic-localloss,255_255,,False,False,False,True,50,42,,10,0,one,0,True,1,85,0,0.5,1,2000,False,False
3.0,73.75800000000001,0.5526807396680263,77.73,0.9942836617384402,False,0,cp+r,synthetic,100,63,bnn-synthetic-localloss,255_255,,False,False,False,True,50,42,,10,0,one,0,True,1,85,0,0.5,1,2000,False,False
4.0,86.756,0.2923080566799361,85.515,1.0022599463213109,False,0,cp+r,synthetic,100,63,bnn-synthetic-localloss,255_255,,False,False,False,True,50,42,,10,0,one,0,True,1,85,0,0.5,1,2000,False,False
5.0,91.256,0.2186869909253824,88.27000000000001,0.6772001181334785,False,0,cp+r,synthetic,100,63,bnn-synthetic-localloss,255_255,,False,False,False,True,50,42,,10,0,one,0,True,1,85,0,0.5,1,2000,False,False
6.0,93.499,0.2343266950221418,89.995,0.5623388658095756,False,0,cp+r,synthetic,100,63,bnn-synthetic-localloss,255_255,,False,False,False,True,50,42,,10,0,one,0,True,1,85,0,0.5,1,2000,False,False
7.0,94.619,0.08239538822046,91.0,0.5024937810560431,False,0,cp+r,synthetic,100,63,bnn-synthetic-localloss,255_255,,False,False,False,True,50,42,,10,0,one,0,True,1,85,0,0.5,1,2000,False,False
8.0,95.415,0.1922108217556931,91.515,0.6372009102316171,False,0,cp+r,synthetic,100,63,bnn-synthetic-localloss,255_255,,False,False,False,True,50,42,,10,0,one,0,True,1,85,0,0.5,1,2000,False,False
9.0,95.972,0.1248038460945814,91.985,0.5338773267333986,False,0,cp+r,synthetic,100,63,bnn-synthetic-localloss,255_255,,False,False,False,True,50,42,,10,0,one,0,True,1,85,0,0.5,1,2000,False,False
10.0,96.41,0.2559296778413931,92.36,0.6774215821775963,False,0,cp+r,synthetic,100,63,bnn-synthetic-localloss,255_255,,False,False,False,True,50,42,,10,0,one,0,True,1,85,0,0.5,1,2000,False,False
11.0,96.765,0.1414390328021231,92.545,0.5824302533351108,False,0,cp+r,synthetic,100,63,bnn-synthetic-localloss,255_255,,False,False,False,True,50,42,,10,0,one,0,True,1,85,0,0.5,1,2000,False,False
12.0,97.116,0.1152562362737908,92.755,0.4585029988996809,False,0,cp+r,synthetic,100,63,bnn-synthetic-localloss,255_255,,False,False,False,True,50,42,,10,0,one,0,True,1,85,0,0.5,1,2000,False,False
13.0,97.441,0.1410283659410393,92.95,0.5805170109479992,False,0,cp+r,synthetic,100,63,bnn-synthetic-localloss,255_255,,False,False,False,True,50,42,,10,0,one,0,True,1,85,0,0.5,1,2000,False,False
14.0,97.68,0.1217374223482676,93.18,0.8195120499419165,False,0,cp+r,synthetic,100,63,bnn-synthetic-localloss,255_255,,False,False,False,True,50,42,,10,0,one,0,True,1,85,0,0.5,1,2000,False,False
15.0,97.858,0.1127652428720839,93.21,0.6437390775772428,False,0,cp+r,synthetic,100,63,bnn-synthetic-localloss,255_255,,False,False,False,True,50,42,,10,0,one,0,True,1,85,0,0.5,1,2000,False,False
16.0,98.019,0.1048284312579394,93.395,0.6377499509996029,False,0,cp+r,synthetic,100,63,bnn-synthetic-localloss,255_255,,False,False,False,True,50,42,,10,0,one,0,True,1,85,0,0.5,1,2000,False,False
17.0,98.183,0.0941328847959107,93.43,0.6136774397026495,False,0,cp+r,synthetic,100,63,bnn-synthetic-localloss,255_255,,False,False,False,True,50,42,,10,0,one,0,True,1,85,0,0.5,1,2000,False,False
18.0,98.297,0.1203370267207881,93.47,0.3906404996924927,False,0,cp+r,synthetic,100,63,bnn-synthetic-localloss,255_255,,False,False,False,True,50,42,,10,0,one,0,True,1,85,0,0.5,1,2000,False,False
19.0,98.41,0.0761577310586396,93.455,0.480858607076965,False,0,cp+r,synthetic,100,63,bnn-synthetic-localloss,255_255,,False,False,False,True,50,42,,10,0,one,0,True,1,85,0,0.5,1,2000,False,False
20.0,98.537,0.1082635672791169,93.67999999999998,0.6237788069500285,False,0,cp+r,synthetic,100,63,bnn-synthetic-localloss,255_255,,False,False,False,True,50,42,,10,0,one,0,True,1,85,0,0.5,1,2000,False,False
21.0,98.592,0.119314709906198,93.71,0.8575546629807336,False,0,cp+r,synthetic,100,63,bnn-synthetic-localloss,255_255,,False,False,False,True,50,42,,10,0,one,0,True,1,85,0,0.5,1,2000,False,False
22.0,98.728,0.1020588065773857,93.5,0.729040465269247,False,0,cp+r,synthetic,100,63,bnn-synthetic-localloss,255_255,,False,False,False,True,50,42,,10,0,one,0,True,1,85,0,0.5,1,2000,False,False
23.0,98.807,0.0925256721132043,93.86,0.682202316032422,False,0,cp+r,synthetic,100,63,bnn-synthetic-localloss,255_255,,False,False,False,True,50,42,,10,0,one,0,True,1,85,0,0.5,1,2000,False,False
24.0,98.866,0.0719999999999995,93.63,0.7527283706623529,False,0,cp+r,synthetic,100,63,bnn-synthetic-localloss,255_255,,False,False,False,True,50,42,,10,0,one,0,True,1,85,0,0.5,1,2000,False,False
25.0,98.942,0.0680881781221998,93.75,0.6659579566308971,False,0,cp+r,synthetic,100,63,bnn-synthetic-localloss,255_255,,False,False,False,True,50,42,,10,0,one,0,True,1,85,0,0.5,1,2000,False,False
26.0,98.986,0.0690217357069502,93.64,0.6464518543557606,False,0,cp+r,synthetic,100,63,bnn-synthetic-localloss,255_255,,False,False,False,True,50,42,,10,0,one,0,True,1,85,0,0.5,1,2000,False,False
27.0,99.044,0.0763151361133564,93.955,0.5396526660732801,False,0,cp+r,synthetic,100,63,bnn-synthetic-localloss,255_255,,False,False,False,True,50,42,,10,0,one,0,True,1,85,0,0.5,1,2000,False,False
28.0,99.125,0.0791517529812183,93.875,0.6341332667507656,False,0,cp+r,synthetic,100,63,bnn-synthetic-localloss,255_255,,False,False,False,True,50,42,,10,0,one,0,True,1,85,0,0.5,1,2000,False,False
29.0,99.16,0.08012490249604,93.775,0.6096105314050925,False,0,cp+r,synthetic,100,63,bnn-synthetic-localloss,255_255,,False,False,False,True,50,42,,10,0,one,0,True,1,85,0,0.5,1,2000,False,False
30.0,99.191,0.0889325587172647,93.815,0.613616329639294,False,0,cp+r,synthetic,100,63,bnn-synthetic-localloss,255_255,,False,False,False,True,50,42,,10,0,one,0,True,1,85,0,0.5,1,2000,False,False
31.0,99.226,0.0516139516022565,93.91,0.5132250968142549,False,0,cp+r,synthetic,100,63,bnn-synthetic-localloss,255_255,,False,False,False,True,50,42,,10,0,one,0,True,1,85,0,0.5,1,2000,False,False
32.0,99.30599999999998,0.0815107354892592,93.905,0.7051418297052023,False,0,cp+r,synthetic,100,63,bnn-synthetic-localloss,255_255,,False,False,False,True,50,42,,10,0,one,0,True,1,85,0,0.5,1,2000,False,False
33.0,99.351,0.0798060148109157,93.835,0.697154932565207,False,0,cp+r,synthetic,100,63,bnn-synthetic-localloss,255_255,,False,False,False,True,50,42,,10,0,one,0,True,1,85,0,0.5,1,2000,False,False
34.0,99.41,0.076550636836022,93.92,0.6466065264130889,False,0,cp+r,synthetic,100,63,bnn-synthetic-localloss,255_255,,False,False,False,True,50,42,,10,0,one,0,True,1,85,0,0.5,1,2000,False,False
35.0,99.422,0.0462168800331694,93.925,0.6396287986011875,False,0,cp+r,synthetic,100,63,bnn-synthetic-localloss,255_255,,False,False,False,True,50,42,,10,0,one,0,True,1,85,0,0.5,1,2000,False,False
36.0,99.434,0.0829698740507667,93.79,0.510294032886922,False,0,cp+r,synthetic,100,63,bnn-synthetic-localloss,255_255,,False,False,False,True,50,42,,10,0,one,0,True,1,85,0,0.5,1,2000,False,False
37.0,99.459,0.0718957578720798,93.6,0.7469939758793246,False,0,cp+r,synthetic,100,63,bnn-synthetic-localloss,255_255,,False,False,False,True,50,42,,10,0,one,0,True,1,85,0,0.5,1,2000,False,False
38.0,99.491,0.0401123422402636,93.81,0.7605261336732617,False,0,cp+r,synthetic,100,63,bnn-synthetic-localloss,255_255,,False,False,False,True,50,42,,10,0,one,0,True,1,85,0,0.5,1,2000,False,False
39.0,99.529,0.0445982062419585,93.795,0.8119267208313803,False,0,cp+r,synthetic,100,63,bnn-synthetic-localloss,255_255,,False,False,False,True,50,42,,10,0,one,0,True,1,85,0,0.5,1,2000,False,False
40.0,99.537,0.0479687398208455,93.9,0.7375635565834296,False,0,cp+r,synthetic,100,63,bnn-synthetic-localloss,255_255,,False,False,False,True,50,42,,10,0,one,0,True,1,85,0,0.5,1,2000,False,False
41.0,99.565,0.0592030404624614,93.785,0.7141603461408388,False,0,cp+r,synthetic,100,63,bnn-synthetic-localloss,255_255,,False,False,False,True,50,42,,10,0,one,0,True,1,85,0,0.5,1,2000,False,False
42.0,99.581,0.0514684369298316,93.67000000000002,0.6132699242584765,False,0,cp+r,synthetic,100,63,bnn-synthetic-localloss,255_255,,False,False,False,True,50,42,,10,0,one,0,True,1,85,0,0.5,1,2000,False,False
43.0,99.603,0.0464865571966791,93.8,0.5979130371550692,False,0,cp+r,synthetic,100,63,bnn-synthetic-localloss,255_255,,False,False,False,True,50,42,,10,0,one,0,True,1,85,0,0.5,1,2000,False,False
44.0,99.617,0.0485901224530241,93.79,0.7595393340703289,False,0,cp+r,synthetic,100,63,bnn-synthetic-localloss,255_255,,False,False,False,True,50,42,,10,0,one,0,True,1,85,0,0.5,1,2000,False,False
45.0,99.653,0.0310000000000005,93.675,0.5631385264746134,False,0,cp+r,synthetic,100,63,bnn-synthetic-localloss,255_255,,False,False,False,True,50,42,,10,0,one,0,True,1,85,0,0.5,1,2000,False,False
46.0,99.672,0.0435430821141541,93.64499999999998,0.6230770417853633,False,0,cp+r,synthetic,100,63,bnn-synthetic-localloss,255_255,,False,False,False,True,50,42,,10,0,one,0,True,1,85,0,0.5,1,2000,False,False
47.0,99.671,0.0408533964316289,93.535,0.699660632020981,False,0,cp+r,synthetic,100,63,bnn-synthetic-localloss,255_255,,False,False,False,True,50,42,,10,0,one,0,True,1,85,0,0.5,1,2000,False,False
48.0,99.67,0.032557641192199,93.68,0.5714892824891833,False,0,cp+r,synthetic,100,63,bnn-synthetic-localloss,255_255,,False,False,False,True,50,42,,10,0,one,0,True,1,85,0,0.5,1,2000,False,False
49.0,99.715,0.0377491721763495,93.515,0.8246362834607766,False,0,cp+r,synthetic,100,63,bnn-synthetic-localloss,255_255,,False,False,False,True,50,42,,10,0,one,0,True,1,85,0,0.5,1,2000,False,False
50.0,99.73,0.0309838667696609,93.6,0.6741661516273287,False,0,cp+r,synthetic,100,63,bnn-synthetic-localloss,255_255,,False,False,False,True,50,42,,10,0,one,0,True,1,85,0,0.5,1,2000,False,False
